photo,fname,lname,phone,email,position,bpdate,blood,birthdate,speech,nationality,address,city,country,postal
,John,John,17265,princepeal25@gmail.com,member,02.01.2015,AB+,10.02.1990,,Bengali,Savar,Dhaka,Bangladesh,1340
,jonathon,jonathon,17265,princepeal25@gmail.com,member,02.01.2016,AB+,10.02.1991,,Bengali,Savar,Dhaka,Bangladesh,1340
,alan,alan,17265,princepeal25@gmail.com,member,02.01.2017,AB+,10.02.1992,,Bengali,Savar,Dhaka,Bangladesh,1340
,bella,bella,17265,princepeal25@gmail.com,member,02.01.2018,AB+,10.02.1993,,Bengali,Savar,Dhaka,Bangladesh,1340
,alan,alan,17265,princepeal25@gmail.com,member,02.01.2019,AB+,10.02.1994,,Bengali,Savar,Dhaka,Bangladesh,1340
,alex,alex,17265,princepeal25@gmail.com,member,02.01.2020,AB+,10.02.1995,,Bengali,Savar,Dhaka,Bangladesh,1340
,,,,,,,,,,,,,,
,,,,,,,,,,,,,,
,, ,,,,,,,,,,,,
